index,activity_id
0,1
1,1
2,1
3,1
4,1
5,1
6,1
7,1
8,1
9,1
10,1
11,1
12,1
13,1
14,1
15,1
16,1
17,1
18,1
19,1
20,1
21,1
22,1
23,1
24,1
25,1
26,1
27,1
28,1
29,1
30,1
31,1
32,1
33,1
34,1
35,1
36,1
37,1
38,1
39,1
40,1
41,1
42,1
43,1
44,1
45,1
46,1
47,1
48,1
49,1
50,1
51,1
52,1
53,1
54,1
55,1
56,1
57,1
58,1
59,1
60,1
61,1
62,1
63,1
64,1
65,1
66,1
67,1
68,1
69,1
70,1
71,1
72,1
73,1
74,1
75,1
76,1
77,1
78,1
79,1
80,1
81,1
82,1
83,1
84,1
85,1
86,1
87,1
88,1
89,1
90,1
91,1
92,1
93,1
94,1
95,1
96,1
97,1
98,1
99,1
100,1
101,1
102,1
103,1
104,1
105,1
106,1
107,1
108,1
109,1
110,1
111,1
112,1
113,1
114,1
115,1
116,1
117,1
118,1
119,1
120,1
121,1
122,1
123,1
124,1
125,1
126,1
127,1
128,1
129,1
130,1
131,1
132,1
133,1
134,1
135,1
136,1
137,1
138,1
139,1
140,1
141,1
142,1
143,1
144,1
145,1
146,1
147,1
148,1
149,1
150,1
151,1
152,1
153,1
154,1
155,1
156,1
157,1
158,1
159,1
160,1
161,1
162,1
163,1
164,1
165,1
166,1
167,1
168,1
169,1
170,1
171,1
172,1
173,1
174,1
175,1
176,1
177,1
178,1
179,1
180,1
181,1
182,1
183,1
184,1
185,1
186,1
187,1
188,1
189,1
190,1
191,1
192,1
193,1
194,1
195,1
196,1
197,1
198,1
199,1
200,1
201,1
202,1
203,1
204,1
205,1
206,1
207,1
208,1
209,1
210,1
211,1
212,1
213,1
214,1
215,1
216,1
217,1
218,1
219,1
220,1
221,1
222,1
223,1
224,1
225,1
226,1
227,1
228,1
229,1
230,1
231,1
232,1
233,1
234,1
235,1
236,1
237,1
238,1
239,1
240,1
241,1
242,1
243,1
244,1
245,1
246,1
247,1
248,1
249,1
250,1
251,1
252,1
253,1
254,1
255,1
256,1
257,1
258,1
259,1
260,1
261,1
262,1
263,1
264,1
265,1
266,1
267,1
268,1
269,1
270,1
271,1
272,1
273,1
274,1
275,1
276,1
277,1
278,1
279,1
280,1
281,1
282,1
283,1
284,1
285,1
286,1
287,1
288,1
289,1
290,1
291,1
292,1
293,1
294,1
295,1
296,1
297,1
298,1
299,1
300,1
301,1
302,1
303,1
304,1
305,1
306,1
307,1
308,1
309,1
310,1
311,1
312,1
313,1
314,1
315,1
316,1
317,1
318,1
319,1
320,1
321,1
322,1
323,1
324,1
325,1
326,1
327,1
328,1
329,1
330,1
331,1
332,1
333,1
334,1
335,1
336,1
337,1
338,1
339,1
340,1
341,1
342,1
343,1
344,1
345,1
346,1
347,1
348,1
349,1
350,1
351,1
352,1
353,1
354,1
355,1
356,1
357,1
358,1
359,1
360,1
361,1
362,1
363,1
364,1
365,1
366,1
367,1
368,1
369,1
370,1
371,1
372,1
373,1
374,1
375,1
376,1
377,1
378,1
379,1
380,1
381,1
382,1
383,1
384,1
385,1
386,1
387,1
388,1
389,1
390,1
391,1
392,1
393,1
394,1
395,1
396,1
397,1
398,1
399,1
400,1
401,1
402,1
403,1
404,1
405,1
406,1
407,1
408,1
409,1
410,1
411,1
412,1
413,1
414,1
415,1
416,1
417,1
418,1
419,1
420,1
421,1
422,1
423,1
424,1
425,1
426,1
427,1
428,1
429,1
430,1
431,1
432,1
433,1
434,1
435,1
436,1
437,1
438,1
439,1
440,1
441,1
442,1
443,1
444,1
445,1
446,1
447,1
448,1
449,1
450,1
451,1
452,1
453,1
454,1
455,1
456,1
457,1
458,1
459,1
460,1
461,1
462,1
463,1
464,1
465,1
466,1
467,1
468,1
469,1
470,1
471,1
472,1
473,1
474,2
475,2
476,2
477,2
478,2
479,2
480,2
481,2
482,3
483,4
484,4
485,4
486,4
487,4
488,4
489,4
490,4
491,4
492,4
493,4
494,4
495,4
496,4
497,4
498,4
499,4
500,4
501,4
502,4
503,4
504,4
505,4
506,4
507,4
508,4
509,4
510,4
511,4
512,4
513,4
514,4
515,4
516,4
517,4
518,4
519,4
520,4
521,4
522,4
523,4
524,4
525,4
526,4
527,4
528,4
529,4
530,4
531,4
532,4
533,4
534,4
535,4
536,4
537,4
538,4
539,4
540,4
541,4
542,4
543,4
544,4
545,4
546,4
547,4
548,4
549,4
550,4
551,4
552,4
553,4
554,4
555,4
556,4
557,4
558,4
559,4
560,4
561,4
562,4
563,4
564,4
565,4
566,4
567,4
568,4
569,4
570,4
571,4
572,4
573,4
574,4
575,4
576,4
577,4
578,4
579,4
580,4
581,4
582,4
583,4
584,4
585,4
586,4
587,4
588,4
589,4
590,4
591,4
592,4
593,4
594,4
595,4
596,4
597,4
598,4
599,4
600,4
601,4
602,4
603,4
604,4
605,4
606,4
607,4
608,4
609,4
610,4
611,4
612,4
613,4
614,4
615,4
616,4
617,4
618,4
619,4
620,4
621,4
622,4
623,4
624,4
625,4
626,4
627,4
628,4
629,4
630,4
631,4
632,4
633,4
634,4
635,4
636,4
637,4
638,4
639,4
640,4
641,4
642,4
643,4
644,4
645,4
646,4
647,4
648,4
649,4
650,4
651,4
652,4
653,4
654,4
655,4
656,4
657,4
658,4
659,4
660,4
661,4
662,4
663,4
664,4
665,4
666,4
667,4
668,3
669,2
670,2
671,2
672,2
673,2
674,5
675,5
676,5
677,5
678,5
679,5
680,3
681,4
682,4
683,4
684,4
685,4
686,3
687,5
688,5
689,5
690,5
691,5
692,5
693,5
694,5
695,5
696,5
697,5
698,5
699,5
700,5
701,5
702,5
703,5
704,5
705,5
706,5
707,5
708,5
709,5
710,5
711,5
712,5
713,5
714,5
715,5
716,5
717,5
718,5
719,5
720,5
721,5
722,5
723,5
724,5
725,5
726,5
727,5
728,5
729,5
730,5
731,5
732,5
733,5
734,5
735,5
736,5
737,5
738,5
739,5
740,5
741,5
742,5
743,5
744,5
745,5
746,5
747,5
748,5
749,5
750,5
751,5
752,5
753,5
754,5
755,5
756,5
757,5
758,5
759,5
760,5
761,5
762,5
763,5
764,5
765,5
766,5
767,5
768,5
769,5
770,5
771,5
772,5
773,5
774,5
775,5
776,5
777,5
778,5
779,5
780,5
781,5
782,5
783,5
784,5
785,5
786,5
787,5
788,5
789,5
790,5
791,5
792,5
793,5
794,5
795,5
796,5
797,5
798,5
799,5
800,5
801,5
802,5
803,5
804,5
805,5
806,5
807,5
808,5
809,5
810,5
811,5
812,5
813,5
814,5
815,5
816,5
817,5
818,5
819,5
820,5
821,5
822,5
823,5
824,5
825,5
826,5
827,5
828,5
829,5
830,5
831,5
832,5
833,5
834,5
835,5
836,5
837,5
838,5
839,5
840,5
841,5
842,5
843,5
844,5
845,5
846,5
847,5
848,5
849,5
850,5
851,5
852,5
853,5
854,5
855,5
856,5
857,5
858,5
859,5
860,5
861,5
862,5
863,5
864,5
865,5
866,5
867,5
868,5
869,5
870,5
871,5
872,5
873,5
874,5
875,2
876,2
877,2
878,2
879,2
880,2
881,2
882,4
883,4
884,4
885,4
886,4
887,4
888,4
889,4
890,4
891,4
892,4
893,4
894,4
895,4
896,4
897,4
898,4
899,4
900,4
901,4
902,4
903,4
904,4
905,4
906,4
907,4
908,4
909,4
910,4
911,4
912,4
913,4
914,4
915,4
916,4
917,4
918,4
919,4
920,4
921,4
922,4
923,4
924,4
925,4
926,4
927,4
928,4
929,4
930,4
931,4
932,4
933,4
934,4
935,4
936,4
937,4
938,4
939,4
940,4
941,4
942,4
943,4
944,4
945,4
946,4
947,4
948,4
949,4
950,4
951,4
952,4
953,4
954,4
955,4
956,4
957,4
958,4
959,4
960,4
961,4
962,4
963,4
964,4
965,4
966,4
967,4
968,4
969,4
970,4
971,4
972,4
973,4
974,4
975,4
976,4
977,4
978,4
979,4
980,4
981,4
982,4
983,4
984,4
985,4
986,4
987,4
988,4
989,4
990,4
991,4
992,4
993,4
994,4
995,4
996,4
997,4
998,4
999,4
1000,4
1001,4
1002,4
1003,4
1004,4
1005,4
1006,4
1007,4
1008,4
1009,4
1010,4
1011,4
1012,4
1013,4
1014,4
1015,4
1016,4
1017,4
1018,4
1019,4
1020,4
1021,4
1022,4
1023,4
1024,4
1025,4
1026,4
1027,4
1028,4
1029,4
1030,4
1031,4
1032,4
1033,4
1034,4
1035,4
1036,4
1037,4
1038,4
1039,4
1040,4
1041,4
1042,4
1043,4
1044,4
1045,4
1046,4
1047,4
1048,4
1049,4
1050,4
1051,4
1052,4
1053,4
1054,4
1055,4
1056,4
1057,4
1058,4
1059,4
1060,4
1061,4
1062,4
1063,4
1064,4
1065,4
1066,4
1067,4
1068,4
1069,4
1070,4
1071,4
1072,4
1073,4
1074,4
1075,4
1076,4
1077,4
1078,4
1079,4
1080,4
1081,4
1082,4
1083,4
1084,4
1085,4
1086,4
1087,6
1088,6
1089,7
1090,7
1091,7
1092,7
1093,7
1094,7
1095,7
1096,7
1097,7
1098,7
1099,7
1100,7
1101,7
1102,7
1103,7
1104,7
1105,7
1106,7
1107,7
1108,7
1109,7
1110,7
1111,7
1112,7
1113,7
1114,7
1115,7
1116,7
1117,7
1118,7
1119,7
1120,7
1121,7
1122,7
1123,7
1124,7
1125,7
1126,7
1127,7
1128,7
1129,7
1130,7
1131,7
1132,7
1133,7
1134,7
1135,7
1136,7
1137,7
1138,7
1139,7
1140,7
1141,7
1142,7
1143,7
1144,7
1145,7
1146,7
1147,7
1148,7
1149,7
1150,7
1151,7
1152,7
1153,7
1154,7
1155,7
1156,7
1157,7
1158,7
1159,7
1160,7
1161,7
1162,7
1163,7
1164,7
1165,7
1166,7
1167,7
1168,7
1169,7
1170,7
1171,7
1172,7
1173,7
1174,7
1175,7
1176,7
1177,7
1178,7
1179,7
1180,7
1181,7
1182,7
1183,7
1184,7
1185,7
1186,7
1187,7
1188,7
1189,7
1190,7
1191,7
1192,7
1193,7
1194,7
1195,7
1196,7
1197,7
1198,7
1199,7
1200,7
1201,7
1202,7
1203,7
1204,7
1205,7
1206,7
1207,7
1208,7
1209,7
1210,7
1211,7
1212,7
1213,7
1214,7
1215,7
1216,7
1217,7
1218,7
1219,7
1220,7
1221,7
1222,7
1223,7
1224,7
1225,7
1226,7
1227,7
1228,7
1229,7
1230,7
1231,7
1232,7
1233,7
1234,7
1235,7
1236,7
1237,7
1238,7
1239,7
1240,7
1241,7
1242,7
1243,7
1244,7
1245,7
1246,7
1247,7
1248,7
1249,7
1250,7
1251,7
1252,7
1253,7
1254,7
1255,7
1256,7
1257,7
1258,7
1259,7
1260,7
1261,7
1262,7
1263,7
1264,7
1265,7
1266,7
1267,6
1268,6
1269,6
1270,6
1271,6
1272,6
1273,6
1274,6
1275,6
1276,6
1277,5
1278,5
1279,5
1280,5
1281,5
1282,5
1283,5
1284,5
1285,5
1286,5
1287,5
1288,5
1289,5
1290,5
1291,5
1292,5
1293,5
1294,5
1295,5
1296,5
1297,5
1298,5
1299,5
1300,5
1301,5
1302,5
1303,5
1304,5
1305,5
1306,5
1307,5
1308,5
1309,5
1310,5
1311,5
1312,5
1313,5
1314,5
1315,5
1316,5
1317,5
1318,5
1319,5
1320,5
1321,5
1322,5
1323,5
1324,5
1325,5
1326,5
1327,5
1328,5
1329,5
1330,5
1331,5
1332,5
1333,5
1334,5
1335,5
1336,5
1337,5
1338,5
1339,5
1340,5
1341,5
1342,5
1343,5
1344,5
1345,5
1346,5
1347,5
1348,5
1349,5
1350,5
1351,5
1352,5
1353,5
1354,5
1355,5
1356,5
1357,5
1358,5
1359,5
1360,5
1361,5
1362,5
1363,5
1364,5
1365,5
1366,5
1367,5
1368,5
1369,5
1370,5
1371,5
1372,5
1373,5
1374,5
1375,5
1376,5
1377,5
1378,5
1379,5
1380,5
1381,5
1382,5
1383,5
1384,5
1385,5
1386,5
1387,5
1388,5
1389,5
1390,5
1391,5
1392,5
1393,5
1394,5
1395,5
1396,5
1397,5
1398,5
1399,5
1400,5
1401,5
1402,5
1403,5
1404,5
1405,5
1406,5
1407,5
1408,5
1409,5
1410,5
1411,5
1412,5
1413,5
1414,5
1415,5
1416,5
1417,5
1418,5
1419,5
1420,5
1421,5
1422,5
1423,5
1424,5
1425,5
1426,5
1427,5
1428,5
1429,5
1430,5
1431,5
1432,5
1433,5
1434,5
1435,5
1436,5
1437,5
1438,5
1439,5
1440,5
1441,5
1442,5
1443,5
1444,5
1445,5
1446,5
1447,5
1448,5
1449,5
1450,5
1451,5
1452,5
1453,5
1454,5
1455,5
1456,5
1457,5
1458,5
1459,5
1460,5
1461,5
1462,5
1463,5
1464,5
1465,5
1466,5
1467,5
1468,5
1469,5
1470,5
1471,5
1472,5
1473,5
1474,5
1475,5
1476,5
1477,5
1478,5
1479,5
1480,5
1481,5
1482,5
1483,5
1484,5
1485,5
1486,5
1487,5
1488,5
1489,5
1490,2
1491,2
1492,5
1493,5
1494,5
1495,5
1496,5
1497,5
1498,5
1499,5
1500,5
1501,5
1502,5
1503,5
1504,5
1505,5
1506,5
1507,5
1508,5
1509,5
1510,5
1511,5
1512,2
1513,2
1514,5
1515,5
1516,5
1517,5
1518,5
1519,5
1520,5
1521,5
1522,5
1523,5
1524,5
1525,5
1526,5
1527,5
1528,5
1529,5
1530,5
1531,5
1532,5
1533,5
1534,5
1535,5
1536,5
1537,5
1538,5
1539,5
1540,5
1541,5
1542,5
1543,5
1544,5
1545,2
1546,2
1547,5
1548,5
1549,5
1550,5
1551,5
1552,5
1553,5
1554,5
1555,5
1556,5
1557,5
1558,5
1559,5
1560,5
1561,5
1562,5
1563,5
1564,5
1565,5
1566,5
1567,5
1568,5
1569,5
1570,5
1571,2
1572,2
1573,5
1574,5
1575,5
1576,5
1577,5
1578,5
1579,5
1580,5
1581,5
1582,5
1583,5
1584,5
1585,5
1586,5
1587,5
1588,5
1589,5
1590,5
1591,5
1592,5
1593,5
1594,5
1595,2
1596,2
1597,5
1598,5
1599,5
1600,5
1601,5
1602,5
1603,5
1604,5
1605,5
1606,5
1607,5
1608,5
1609,5
1610,5
1611,5
1612,5
1613,5
1614,5
1615,5
1616,5
1617,5
1618,5
1619,5
1620,5
1621,2
1622,2
1623,5
1624,5
1625,5
1626,5
1627,5
1628,5
1629,5
1630,5
1631,5
1632,5
1633,5
1634,5
1635,5
1636,5
1637,5
1638,5
1639,5
1640,5
1641,5
1642,5
1643,5
1644,5
1645,5
1646,5
1647,5
1648,5
1649,2
1650,2
1651,5
1652,5
1653,5
1654,1
1655,1
1656,1
1657,1
1658,1
1659,1
1660,1
1661,1
1662,1
1663,1
1664,1
1665,1
1666,1
1667,1
1668,1
1669,1
1670,1
1671,1
1672,1
1673,1
1674,1
1675,1
1676,1
1677,1
1678,1
1679,1
1680,1
1681,1
1682,1
1683,1
1684,1
1685,1
1686,1
1687,1
1688,1
1689,1
1690,1
1691,1
1692,1
1693,1
1694,1
1695,1
1696,1
1697,1
1698,1
1699,1
1700,1
1701,1
1702,1
1703,1
1704,1
1705,1
1706,1
1707,1
1708,1
1709,1
1710,1
1711,1
1712,1
1713,1
1714,1
1715,1
1716,1
1717,1
1718,1
1719,1
1720,1
1721,1
1722,1
1723,1
1724,1
1725,1
1726,1
1727,1
1728,1
1729,1
1730,1
1731,1
1732,1
1733,1
1734,1
1735,1
1736,1
1737,1
1738,1
1739,1
1740,1
1741,1
1742,1
1743,1
1744,1
1745,1
1746,1
1747,1
1748,1
1749,1
1750,1
1751,1
1752,1
1753,1
1754,1
1755,1
1756,1
1757,1
1758,1
1759,1
1760,1
1761,1
1762,1
1763,1
1764,1
1765,1
1766,1
1767,1
1768,1
1769,1
1770,1
1771,1
1772,1
1773,1
1774,1
1775,1
1776,1
1777,1
1778,1
1779,1
1780,1
1781,1
1782,1
1783,1
1784,1
1785,1
1786,1
1787,1
1788,1
1789,1
1790,1
1791,1
1792,1
1793,1
1794,1
1795,1
1796,1
1797,1
1798,1
1799,1
1800,1
1801,1
1802,1
1803,1
1804,1
1805,1
1806,1
1807,1
1808,1
1809,1
1810,1
1811,1
1812,1
1813,1
1814,1
1815,1
1816,1
1817,1
1818,1
1819,1
1820,1
1821,1
1822,1
1823,1
1824,1
1825,1
1826,1
1827,1
1828,1
1829,1
1830,1
1831,1
1832,1
1833,1
1834,1
1835,1
1836,1
1837,1
1838,1
1839,1
1840,1
1841,2
1842,2
1843,2
1844,2
1845,2
1846,3
1847,4
1848,4
1849,4
1850,2
1851,2
1852,2
1853,2
1854,5
1855,5
1856,5
1857,3
1858,4
1859,4
1860,4
1861,3
1862,5
1863,5
1864,2
1865,2
1866,2
1867,2
1868,2
1869,3
1870,4
1871,4
1872,4
1873,2
1874,2
1875,2
1876,2
1877,5
1878,5
1879,5
1880,3
1881,3
1882,4
1883,4
1884,3
1885,5
1886,5
1887,5
1888,2
1889,2
1890,2
1891,2
1892,2
1893,2
1894,2
1895,2
1896,2
1897,5
1898,6
1899,6
1900,6
1901,5
1902,5
1903,5
1904,3
1905,3
1906,7
1907,7
1908,7
1909,7
1910,7
1911,3
1912,3
1913,3
1914,3
1915,3
1916,3
1917,3
1918,3
1919,5
1920,5
1921,5
1922,3
1923,6
1924,6
1925,3
1926,5
1927,5
1928,5
1929,3
1930,7
1931,7
1932,7
1933,7
1934,7
1935,7
1936,7
1937,3
1938,5
1939,5
1940,5
1941,5
1942,3
1943,3
1944,6
1945,6
1946,6
1947,3
1948,7
1949,7
1950,7
1951,6
1952,6
1953,6
1954,3
1955,2
1956,2
1957,2
1958,2
1959,3
1960,4
1961,4
1962,4
1963,3
1964,6
1965,6
1966,6
1967,3
1968,3
1969,4
1970,4
1971,4
1972,3
1973,5
1974,5
1975,5
1976,3
1977,8
1978,8
1979,8
1980,8
1981,8
1982,8
1983,8
1984,8
1985,8
1986,8
1987,8
1988,8
1989,8
1990,8
1991,8
1992,8
1993,8
1994,8
1995,8
1996,8
1997,8
1998,8
1999,8
2000,8
2001,8
2002,8
2003,8
2004,8
2005,5
2006,5
2007,5
2008,5
2009,5
2010,5
2011,3
2012,6
2013,6
2014,3
2015,5
2016,5
2017,5
2018,3
2019,7
2020,7
2021,7
2022,3
2023,5
2024,5
2025,3
2026,6
2027,6
2028,6
2029,3
2030,7
2031,7
2032,7
2033,3
2034,6
2035,6
2036,3
2037,2
2038,2
2039,2
2040,2
2041,3
2042,4
2043,4
2044,4
2045,3
2046,6
2047,6
2048,6
2049,3
2050,3
2051,4
2052,4
2053,3
2054,5
2055,5
2056,5
2057,8
2058,8
2059,8
2060,8
2061,8
2062,8
2063,8
2064,8
2065,8
2066,8
2067,8
2068,8
2069,8
2070,8
2071,8
2072,8
2073,8
2074,8
2075,8
2076,8
2077,8
2078,8
2079,8
2080,8
2081,8
2082,8
2083,8
2084,8
2085,8
2086,8
2087,8
2088,8
2089,8
2090,8
2091,5
2092,5
2093,5
2094,5
2095,5
2096,5
2097,5
2098,5
2099,5
2100,9
2101,9
2102,9
2103,9
2104,9
2105,9
2106,9
2107,9
2108,9
2109,9
2110,9
2111,9
2112,9
2113,9
2114,9
2115,9
2116,9
2117,9
2118,9
2119,9
2120,9
2121,9
2122,9
2123,9
2124,9
2125,9
2126,9
2127,9
2128,9
2129,9
2130,9
2131,9
2132,9
2133,9
2134,9
2135,9
2136,9
2137,9
2138,9
2139,9
2140,9
2141,9
2142,9
2143,9
2144,9
2145,9
2146,9
2147,9
2148,9
2149,9
2150,9
2151,9
2152,9
2153,9
2154,9
2155,9
2156,9
2157,9
2158,9
2159,9
2160,9
2161,9
2162,9
2163,9
2164,9
2165,9
2166,9
2167,9
2168,9
2169,9
2170,9
2171,9
2172,9
2173,9
2174,9
2175,9
2176,9
2177,9
2178,9
2179,9
2180,9
2181,9
2182,9
2183,9
2184,9
2185,9
2186,9
2187,9
2188,9
2189,9
2190,9
2191,9
2192,9
2193,9
2194,9
2195,9
2196,9
2197,9
2198,9
2199,9
2200,9
2201,9
2202,9
2203,9
2204,9
2205,9
2206,9
2207,9
2208,9
2209,9
2210,9
2211,9
2212,9
2213,9
2214,9
2215,9
2216,9
2217,9
2218,9
2219,9
2220,9
2221,9
2222,9
2223,9
2224,9
2225,9
2226,9
2227,9
2228,9
2229,9
2230,9
2231,9
2232,9
2233,9
2234,9
2235,9
2236,9
2237,9
2238,9
2239,9
2240,9
2241,9
2242,9
2243,9
2244,9
2245,9
2246,9
2247,9
2248,9
2249,9
2250,9
2251,9
2252,9
2253,9
2254,9
2255,9
2256,9
2257,9
2258,9
2259,9
2260,9
2261,9
2262,9
2263,9
2264,9
2265,9
2266,9
2267,9
2268,9
2269,9
2270,9
2271,9
2272,9
2273,9
2274,9
2275,9
2276,9
2277,9
2278,9
2279,9
2280,9
2281,9
2282,9
2283,9
2284,9
2285,9
2286,9
2287,9
2288,9
2289,9
2290,9
2291,9
2292,9
2293,9
2294,9
2295,9
2296,9
2297,9
2298,9
2299,9
2300,9
2301,9
2302,9
2303,9
2304,9
2305,9
2306,9
2307,9
2308,9
2309,9
2310,9
2311,9
2312,9
2313,9
2314,9
2315,9
2316,9
2317,9
2318,9
2319,9
2320,9
2321,9
2322,9
2323,9
2324,9
2325,9
2326,9
2327,9
2328,9
2329,9
2330,9
2331,9
2332,9
2333,9
2334,9
2335,9
2336,9
2337,9
2338,9
2339,9
2340,9
2341,9
2342,9
2343,9
2344,9
2345,9
2346,9
2347,9
2348,9
2349,9
2350,9
2351,9
2352,9
2353,9
2354,9
2355,9
2356,9
2357,9
2358,9
2359,9
2360,9
2361,9
2362,9
2363,9
2364,9
2365,9
2366,9
2367,9
2368,9
2369,9
2370,9
2371,9
2372,9
2373,9
2374,9
2375,9
2376,9
2377,9
2378,9
2379,9
2380,9
2381,9
2382,9
2383,9
2384,9
2385,9
2386,9
2387,9
2388,9
2389,9
2390,9
2391,9
2392,9
2393,9
2394,9
2395,9
2396,9
2397,9
2398,9
2399,9
2400,9
2401,9
2402,9
2403,9
2404,9
2405,9
2406,9
2407,9
2408,9
2409,9
2410,9
2411,9
2412,9
2413,9
2414,9
2415,9
2416,9
2417,9
2418,9
2419,9
2420,9
2421,9
2422,9
2423,9
2424,9
2425,9
2426,9
2427,9
2428,9
2429,9
2430,9
2431,9
2432,9
2433,9
2434,9
2435,9
2436,9
2437,9
2438,9
2439,9
2440,9
2441,9
2442,9
2443,9
2444,9
2445,9
2446,9
2447,9
2448,9
2449,9
2450,9
2451,9
2452,9
2453,9
2454,9
2455,9
2456,9
2457,9
2458,9
2459,9
2460,9
2461,9
2462,9
2463,9
2464,9
2465,9
2466,9
2467,9
2468,9
2469,9
2470,9
2471,9
2472,2
2473,2
2474,2
2475,2
2476,2
2477,2
2478,2
2479,2
2480,2
2481,2
2482,2
2483,2
2484,2
2485,2
2486,2
2487,2
2488,2
2489,2
2490,2
2491,2
2492,2
2493,2
2494,2
2495,2
2496,2
2497,2
2498,2
2499,2
2500,2
2501,2
2502,2
2503,2
2504,2
2505,2
2506,2
2507,2
2508,2
2509,2
2510,2
2511,2
2512,2
2513,2
2514,2
2515,2
2516,2
2517,2
2518,2
2519,2
2520,2
2521,2
2522,2
2523,2
2524,2
2525,2
2526,2
2527,2
2528,2
2529,2
2530,2
2531,2
2532,2
2533,2
2534,2
2535,2
2536,2
2537,2
2538,2
2539,2
2540,2
2541,2
2542,2
2543,2
2544,2
2545,2
2546,2
2547,2
2548,2
2549,2
2550,2
2551,2
2552,2
2553,2
2554,2
2555,2
2556,2
2557,2
2558,2
2559,2
2560,2
2561,2
2562,2
2563,2
2564,2
2565,2
2566,2
2567,2
2568,2
2569,2
2570,2
2571,2
2572,2
2573,2
2574,2
2575,2
2576,2
2577,2
2578,2
2579,2
2580,2
2581,2
2582,2
2583,2
2584,2
2585,2
2586,2
2587,2
2588,2
2589,2
2590,2
2591,2
2592,2
2593,2
2594,2
2595,2
2596,2
2597,2
2598,2
2599,2
2600,2
2601,2
2602,2
2603,2
2604,2
2605,2
2606,2
2607,2
2608,2
2609,2
2610,2
2611,2
2612,2
2613,2
2614,2
2615,2
2616,2
2617,2
2618,2
2619,2
2620,2
2621,2
2622,2
2623,2
2624,2
2625,2
2626,2
2627,2
2628,2
2629,2
2630,2
2631,2
2632,2
2633,2
2634,2
2635,2
2636,2
2637,2
2638,2
2639,2
2640,2
2641,2
2642,2
2643,2
2644,2
2645,2
2646,2
2647,2
2648,2
2649,2
2650,2
2651,2
2652,2
2653,2
2654,2
2655,2
2656,2
2657,2
2658,2
2659,2
2660,2
2661,2
2662,2
2663,2
2664,2
2665,2
2666,2
2667,2
2668,2
2669,2
2670,2
2671,2
2672,2
2673,2
2674,2
2675,2
2676,2
2677,2
2678,2
2679,2
2680,2
2681,2
2682,2
2683,2
2684,2
2685,2
2686,2
2687,2
2688,2
2689,2
2690,2
2691,2
2692,2
2693,2
2694,2
2695,2
2696,2
2697,2
2698,2
2699,2
2700,2
2701,2
2702,2
2703,2
2704,2
2705,2
2706,2
2707,2
2708,2
2709,2
2710,2
2711,2
2712,2
2713,2
2714,2
2715,2
2716,2
2717,2
2718,2
2719,2
2720,2
2721,2
2722,2
2723,2
2724,2
2725,2
2726,2
2727,2
2728,2
2729,2
2730,2
2731,2
2732,2
2733,2
2734,2
2735,2
2736,2
2737,2
2738,2
2739,2
2740,2
2741,2
2742,2
2743,2
2744,2
2745,2
2746,2
2747,2
2748,2
2749,2
2750,2
2751,2
2752,2
2753,2
2754,2
2755,2
2756,2
2757,2
2758,2
2759,2
2760,2
2761,2
2762,2
2763,2
2764,2
2765,2
2766,2
2767,2
2768,2
2769,2
2770,2
2771,2
2772,2
2773,2
2774,2
2775,2
2776,2
2777,2
2778,2
2779,2
2780,2
2781,2
2782,2
2783,2
2784,2
2785,2
2786,2
2787,2
2788,2
2789,2
2790,2
2791,2
2792,2
2793,2
2794,2
2795,2
2796,2
2797,2
2798,2
2799,2
2800,2
2801,2
2802,2
2803,2
2804,2
2805,2
2806,2
2807,2
2808,2
2809,2
2810,2
2811,2
2812,2
2813,2
2814,2
2815,2
2816,2
2817,2
2818,2
2819,2
2820,2
2821,2
2822,2
2823,2
2824,2
2825,2
2826,2
2827,2
2828,2
2829,2
2830,2
2831,2
2832,2
2833,2
2834,2
2835,2
2836,2
2837,2
2838,2
2839,2
2840,2
2841,10
2842,10
2843,10
2844,10
2845,10
2846,10
2847,10
2848,10
2849,10
2850,10
2851,10
2852,10
2853,10
2854,10
2855,10
2856,10
2857,10
2858,10
2859,10
2860,10
2861,10
2862,10
2863,10
2864,10
2865,10
2866,10
2867,10
2868,10
2869,10
2870,10
2871,10
2872,10
2873,10
2874,10
2875,10
2876,10
2877,10
2878,10
2879,10
2880,10
2881,10
2882,10
2883,10
2884,10
2885,10
2886,10
2887,10
2888,10
2889,10
2890,10
2891,10
2892,10
2893,10
2894,10
2895,10
2896,10
2897,10
2898,10
2899,10
2900,10
2901,10
2902,10
2903,10
2904,10
2905,10
2906,10
2907,10
2908,10
2909,10
2910,10
2911,10
2912,10
2913,10
2914,10
2915,10
2916,10
2917,10
2918,10
2919,10
2920,10
2921,10
2922,10
2923,10
2924,10
2925,10
2926,10
2927,10
2928,10
2929,10
2930,10
2931,10
2932,10
2933,10
2934,10
2935,10
2936,10
2937,10
2938,10
2939,10
2940,10
2941,10
2942,10
2943,10
2944,10
2945,10
2946,10
2947,10
2948,10
2949,10
2950,10
2951,10
2952,10
2953,10
2954,10
2955,10
2956,10
2957,10
2958,10
2959,10
2960,10
2961,10
2962,10
2963,10
2964,10
2965,10
2966,10
2967,10
2968,10
2969,10
2970,10
2971,10
2972,10
2973,10
2974,10
2975,10
2976,10
2977,10
2978,10
2979,10
2980,10
2981,10
2982,10
2983,10
2984,10
2985,10
2986,10
2987,10
2988,10
2989,10
2990,10
2991,10
2992,10
2993,10
2994,10
2995,10
2996,10
2997,10
2998,10
2999,10
3000,10
3001,10
3002,10
3003,10
3004,10
3005,10
3006,10
3007,10
3008,10
3009,10
3010,10
3011,10
3012,10
3013,10
3014,10
3015,10
3016,10
3017,10
3018,10
3019,10
3020,10
3021,10
3022,10
3023,10
3024,10
3025,10
3026,10
3027,2
3028,2
3029,2
3030,2
3031,2
3032,5
3033,5
3034,5
3035,5
3036,5
3037,5
3038,3
3039,4
3040,3
3041,1
3042,1
3043,1
3044,1
3045,1
3046,1
3047,1
3048,1
3049,1
3050,1
3051,1
3052,1
3053,1
3054,1
3055,1
3056,1
3057,1
3058,1
3059,1
3060,1
3061,1
3062,1
3063,1
3064,1
3065,1
3066,1
3067,1
3068,1
3069,1
3070,1
3071,1
3072,1
3073,1
3074,1
3075,1
3076,1
3077,1
3078,1
3079,1
3080,1
3081,1
3082,1
3083,1
3084,1
3085,1
3086,1
3087,1
3088,1
3089,1
3090,1
3091,1
3092,1
3093,1
3094,1
3095,1
3096,1
3097,1
3098,1
3099,1
3100,1
3101,1
3102,1
3103,1
3104,1
3105,1
3106,1
3107,1
3108,1
3109,1
3110,1
3111,1
3112,1
3113,1
3114,1
3115,3
3116,4
3117,4
3118,4
3119,4
3120,3
3121,2
3122,2
3123,2
3124,2
3125,2
3126,3
3127,3
3128,1
3129,1
3130,1
3131,1
3132,1
3133,1
3134,3
3135,2
3136,2
3137,2
3138,2
3139,5
3140,5
3141,5
3142,5
3143,3
3144,7
3145,7
3146,7
3147,7
3148,3
3149,1
3150,1
3151,1
3152,1
3153,3
3154,7
3155,7
3156,7
3157,3
3158,2
3159,2
3160,2
3161,2
3162,3
3163,1
3164,1
3165,1
3166,1
3167,3
3168,5
3169,5
3170,5
3171,2
3172,2
3173,2
3174,2
3175,5
3176,5
3177,5
3178,5
3179,5
3180,5
3181,3
3182,4
3183,4
3184,3
3185,1
3186,1
3187,1
3188,1
3189,1
3190,1
3191,1
3192,1
3193,1
3194,1
3195,1
3196,1
3197,1
3198,1
3199,1
3200,1
3201,1
3202,1
3203,1
3204,1
3205,1
3206,1
3207,1
3208,1
3209,1
3210,1
3211,1
3212,1
3213,1
3214,1
3215,1
3216,1
3217,1
3218,1
3219,1
3220,1
3221,1
3222,1
3223,1
3224,1
3225,1
3226,1
3227,1
3228,1
3229,1
3230,1
3231,1
3232,1
3233,1
3234,1
3235,1
3236,1
3237,1
3238,1
3239,1
3240,1
3241,1
3242,1
3243,1
3244,1
3245,1
3246,1
3247,1
3248,1
3249,1
3250,1
3251,1
3252,1
3253,1
3254,1
3255,1
3256,3
3257,4
3258,4
3259,3
3260,3
3261,2
3262,2
3263,2
3264,2
3265,3
3266,3
3267,1
3268,1
3269,1
3270,1
3271,1
3272,3
3273,3
3274,3
3275,2
3276,2
3277,5
3278,5
3279,5
3280,3
3281,7
3282,7
3283,7
3284,7
3285,3
3286,3
3287,1
3288,1
3289,1
3290,1
3291,1
3292,3
3293,7
3294,7
3295,3
3296,3
3297,2
3298,2
3299,2
3300,2
3301,3
3302,1
3303,1
3304,1
3305,3
3306,3
3307,5
3308,5
3309,5
3310,2
3311,2
3312,2
3313,5
3314,5
3315,5
3316,5
3317,5
3318,5
3319,3
3320,4
3321,4
3322,3
3323,1
3324,1
3325,1
3326,1
3327,1
3328,1
3329,1
3330,1
3331,1
3332,1
3333,1
3334,1
3335,1
3336,1
3337,1
3338,1
3339,1
3340,1
3341,1
3342,1
3343,1
3344,1
3345,1
3346,1
3347,1
3348,1
3349,1
3350,1
3351,1
3352,1
3353,1
3354,1
3355,1
3356,1
3357,1
3358,1
3359,1
3360,1
3361,1
3362,1
3363,1
3364,1
3365,1
3366,1
3367,1
3368,1
3369,1
3370,1
3371,1
3372,1
3373,1
3374,1
3375,1
3376,1
3377,1
3378,1
3379,1
3380,1
3381,1
3382,1
3383,3
3384,4
3385,3
3386,2
3387,2
3388,2
3389,2
3390,2
3391,3
3392,3
3393,1
3394,1
3395,1
3396,3
3397,2
3398,2
3399,2
3400,2
3401,5
3402,5
3403,5
3404,7
3405,7
3406,7
3407,3
3408,1
3409,1
3410,1
3411,3
3412,7
3413,7
3414,7
3415,3
3416,2
3417,2
3418,2
3419,2
3420,3
3421,1
3422,1
3423,1
3424,1
3425,3
3426,3
3427,5
3428,5
3429,5
